branch_code,city,year,month,invoices_cnt,items_sold,revenue,gross_income,avg_rating
A,Yangon,2019,1,119,685,38681.1285,1841.9585,7.0781512605042017
A,Yangon,2019,2,94,493,29860.1205,1421.9105,7.0074468085106383
A,Yangon,2019,3,127,681,37659.1215,1793.2915,6.9937007874015748
B,Mandalay,2019,1,111,600,37176.0585,1770.2885,6.8018018018018018
B,Mandalay,2019,2,109,624,34424.2710,1639.2510,7.0082568807339450
B,Mandalay,2019,3,112,596,34597.3425,1647.4925,6.6491071428571429
C,Naypyitaw,2019,1,122,680,40434.6810,1925.4610,7.1549180327868852
C,Naypyitaw,2019,2,100,537,32934.9825,1568.3325,7.2000000000000000
C,Naypyitaw,2019,3,106,614,37199.0430,1771.3830,6.8584905660377358
